AS400,,,,BI,,,,,,,
288,10229GNS,,,288,10229GNS,,0.00,,,,
92.16,10613VEN,,,92.16,10613VEN,,0.00,,,,
3919.2,11888SLS,,,3919.2,11888SLS,,0.00,,,,
375,11921CGS,,,375,11921CGS,,0.00,,,,
1500,11922CGS,,,1500,11922CGS,,0.00,,,,
1825,11933CLG,,,1825,11933CLG,,0.00,,,,
438,12211CLG,,,438,12211CLG,,0.00,,,,
1284,12212CLG,,,1284,12212CLG,,0.00,,,,
97350,12237TRI,,,97350,12237TRI,,0.00,,,,
21,12335GNS,,,21,12335GNS,,0.00,,,,
18836.48,12463DEN,,,18836.48,12463DEN,,0.00,,,,
25.48,13029BKE,,,25.48,13029BKE,,0.00,,,,
4224,13083CLG,,,4224,13083CLG,,0.00,,,,
15765.6,13118VEN,,,15765.6,13118VEN,,0.00,,,,
2433.75,13201TRI,,,2433.75,13201TRI,,0.00,,,,
1788.8,13314TRH,,,1788.8,13314TRH,,0.00,,,,
16665.6,13323GDH,,,16665.6,13323GDH,,0.00,,,,
7200,13368CLG,,,7200,13368CLG,,0.00,,,,
7200,13369CLG,,,7200,13369CLG,,0.00,,,,
11892,13381BAK,,,11892,13381BAK,,0.00,,,,
7280.64,13420HVR,,,7280.64,13420HVR,,0.00,,,,
5068.8,13440HVR,,,5068.8,13440HVR,,0.00,,,,
1260000,13506DEN,,,1260000,13506DEN,,0.00,,,,
33528,13512DEN,,,33528,13512DEN,,0.00,,,,
3416.66,13661DNS,,,3416.66,13661DNS,,0.00,,,,
10612.8,13687PRI,,,10612.8,13687PRI,,0.00,,,,
13005.3,13688PHA,,,13005.3,13688PHA,,0.00,,,,
2373.6,13791VEN,,,2373.6,13791VEN,,0.00,,,,
28700,13832CRH,,,28700,13832CRH,,0.00,,,,
3072,13880IGR,,,3072,13880IGR,,0.00,,,,
18694.8,13958RRB,,,18731.88,13958RRB,,-37.08,,,,
21352,14114A&W,,,21352,14114A&W,,0.00,,,,
2297.75,14121HVR,,,2297.75,14121HVR,,0.00,,,,
9132,14193OPR,,,9132,14193OPR,,0.00,,,,
9440,14277SLK,,,9440,14277SLK,,0.00,,,,
29832,14305DEN,,,29832,14305DEN,,0.00,,,,
295171.2,14318CHP,,,295171.2,14318CHP,,0.00,,,,
1019.2,14321VEN,,,1019.2,14321VEN,,0.00,,,,
135997.2,14330BRK,,,135997.2,14330BRK,,0.00,,,,
41810.88,14533GUY,,,41810.88,14533GUY,,0.00,,,,
315031.25,14774BRK,,,315031.25,14774BRK,,0.00,,,,
288862.5,14779BRK,,,288862.5,14779BRK,,0.00,,,,
513968.55,14781BRK,,,513968.55,14781BRK,,0.00,,,,
177700,14784PJN,,,177700,14784PJN,,0.00,,,,
23400,14803VEN,,,23400,14803VEN,,0.00,,,,
45540,15050VEN,,,45540,15050VEN,,0.00,,,,
148.8,15261VEN,,,148.8,15261VEN,,0.00,,,,
476.4,15262VEN,,,476.4,15262VEN,,0.00,,,,
96.36,15269VEN,,,96.36,15269VEN,,0.00,,,,
21.9,15270VEN,,,21.9,15270VEN,,0.00,,,,
16747.5,15391PHA,,,16747.5,15391PHA,,0.00,,,,
9000,15421VEN,,,9000,15421VEN,,0.00,,,,
5400,15430WCP,,,5400,15430WCP,,0.00,,,,
128100,15487VEN,,,128100,15487VEN,,0.00,,,,
24255,15507DOM,,,24255,15507DOM,,0.00,,,,
785156.25,15543BRK,,,785156.25,15543BRK,,0.00,,,,
213656.25,15802BRK,,,213656.25,15802BRK,,0.00,,,,
14208,15824GUY,,,14208,15824GUY,,0.00,,,,
9376,15825GUY,,,9376,15825GUY,,0.00,,,,
15712,15827GUY,,,15712,15827GUY,,0.00,,,,
1986.6,15840COM,,,1986.6,15840COM,,0.00,,,,
36911.2,15885DEN,,,36911.2,15885DEN,,0.00,,,,
10370.44,15894DEN,,,10370.44,15894DEN,,0.00,,,,
1576,15899EPL,,,1576,15899EPL,,0.00,,,,
21632,15964TGI,,,21632,15964TGI,,0.00,,,,
31616,15966TGI,,,31616,15966TGI,,0.00,,,,
207115.6,16068KFC,,,207115.6,16068KFC,,0.00,,,,
0,16097VEN,,,0,16097VEN,,0.00,,,,
57312,16451CVR,,,57312,16451CVR,,0.00,,,,
15504.48,16454CVR,,,15504.48,16454CVR,,0.00,,,,
78044.4,16469CVR,,,78044.4,16469CVR,,0.00,,,,
12526.02,16471CVR,,,12526.02,16471CVR,,0.00,,,,
236151.3,16588VEN,,,236151.3,16588VEN,,0.00,,,,
0,16685CHP,,,0,16685CHP,,0.00,,,,
2800,16763MFY,,,2800,16763MFY,,0.00,,,,
16317.36,16771VEN,,,16317.36,16771VEN,,0.00,,,,
193158,16784CVR,,,193158,16784CVR,,0.00,,,,
4600,16811VEN,,,4600,16811VEN,,0.00,,,,
50672.7,16836SNG,,,50672.7,16836SNG,,0.00,,,,
34740,16837SNG,,,34740,16837SNG,,0.00,,,,
167280,16839SNG,,,167280,16839SNG,,0.00,,,,
47952,16842SNG,,,47952,16842SNG,,0.00,,,,
636580,16951YUM,,,636580,16951YUM,,0.00,,,,
3708,16953SNG,,,3708,16953SNG,,0.00,,,,
268462.5,16963BRK,,,268462.5,16963BRK,,0.00,,,,
90630,16987CLG,,,90630,16987CLG,,0.00,,,,
49833,17078ABR,,,49833,17078ABR,,0.00,,,,
9555,17078SNG,,,9555,17078SNG,,0.00,,,,
124215,17094WHA,,,124215,17094WHA,,0.00,,,,
322.2,17095VEN,,,322.2,17095VEN,,0.00,,,,
49734,17175JIB,,,49734,17175JIB,,0.00,,,,
41811,17190BRK,,,41811,17190BRK,,0.00,,,,
154230,17293CIN,,,154230,17293CIN,,0.00,,,,
3744,17308VEN,,,3744,17308VEN,,0.00,,,,
12352,17313DEN,,,12352,17313DEN,,0.00,,,,
2508,17339SBN,,,2508,17339SBN,,0.00,,,,
9060,17343VEN,,,9060,17343VEN,,0.00,,,,
6090,17345OTB,,,6090,17345OTB,,0.00,,,,
143640,17350PHA,,,143640,17350PHA,,0.00,,,,
5608.8,17361VEN,,,5608.8,17361VEN,,0.00,,,,
54600,17388MFY,,,54600,17388MFY,,0.00,,,,
21169.91,17578SBY,,,21169.91,17578SBY,,0.00,,,,
12032,17634TGI,,,12032,17634TGI,,0.00,,,,
362.12,17680CGB,,,362.12,17680CGB,,0.00,,,,
1481.2,17687CGB,,,1481.2,17687CGB,,0.00,,,,
2662.8,17690CGR,,,2662.8,17690CGR,,0.00,,,,
1992,17697CGR,,,1992,17697CGR,,0.00,,,,
1915.16,17698CGR,,,1915.16,17698CGR,,0.00,,,,
864,17699CGR,,,864,17699CGR,,0.00,,,,
3151.85,17700CGR,,,3151.85,17700CGR,,0.00,,,,
2053.2,17710CGS,,,2053.2,17710CGS,,0.00,,,,
2456.8,17711CGS,,,2456.8,17711CGS,,0.00,,,,
1555.2,17718CGS,,,1555.2,17718CGS,,0.00,,,,
1332,17722CGS,,,1332,17722CGS,,0.00,,,,
254.8,17730CGS,,,254.8,17730CGS,,0.00,,,,
15122.46,17732CGS,,,15122.46,17732CGS,,0.00,,,,
3115.2,17734CGS,,,3115.2,17734CGS,,0.00,,,,
1678.24,17737CGS,,,1678.24,17737CGS,,0.00,,,,
842.16,17738CGS,,,842.16,17738CGS,,0.00,,,,
57489.24,17739CGS,,,57437.76,17739CGS,,51.48,,,,
111.6,17768CGS,,,111.6,17768CGS,,0.00,,,,
735000,17847WAF,,,735000,17847WAF,,0.00,,,,
112320,17850WHA,,,112320,17850WHA,,0.00,,,,
348639,17870JIB,,,348639,17870JIB,,0.00,,,,
140595,17878OPR,,,140595,17878OPR,,0.00,,,,
2862,17905TGI,,,2862,17905TGI,,0.00,,,,
5392,17915CLG,,,5392,17915CLG,,0.00,,,,
18304,17930BAK,,,18304,17930BAK,,0.00,,,,
8283.24,17950BAK,,,8283.24,17950BAK,,0.00,,,,
258325.2,18011JIB,,,258325.2,18011JIB,,0.00,,,,
49020,18013UBA,,,49020,18013UBA,,0.00,,,,
6276,18038LJS,,,6276,18038LJS,,0.00,,,,
6648,18040CLG,,,6648,18040CLG,,0.00,,,,
478432,18046PAD,,,478432,18046PAD,,0.00,,,,
3840,18046PAX,,,3840,18046PAX,,0.00,,,,
7232,18054VEN,,,7232,18054VEN,,0.00,,,,
221182.5,18189BNK,,,221182.5,18189BNK,,0.00,,,,
14663.25,18190CVR,,,14663.25,18190CVR,,0.00,,,,
11995.65,18191CVR,,,11995.65,18191CVR,,0.00,,,,
5027.4,18193CVR,,,5027.4,18193CVR,,0.00,,,,
10188.84,18197CVR,,,10188.84,18197CVR,,0.00,,,,
2656,18201BNK,,,2656,18201BNK,,0.00,,,,
58299.04,18305VEN,,,58299.04,18305VEN,,0.00,,,,
22680,18331VEN,,,22680,18331VEN,,0.00,,,,
4660,18500GNS,,,4660,18500GNS,,0.00,,,,
576,18501GNS,,,576,18501GNS,,0.00,,,,
39936,18516TGI,,,39936,18516TGI,,0.00,,,,
60207,18517BNK,,,60207,18517BNK,,0.00,,,,
1664,18527VEN,,,1664,18527VEN,,0.00,,,,
36592.8,18550PAD,,,36592.8,18550PAD,,0.00,,,,
30910.88,18551PAD,,,30910.88,18551PAD,,0.00,,,,
25305,18648BFT,,,25305,18648BFT,,0.00,,,,
727300,18648GFG,,,727300,18648GFG,,0.00,,,,
38700,18673CVR,,,38700,18673CVR,,0.00,,,,
403.2,18716CGB,,,403.2,18716CGB,,0.00,,,,
17530.6,18889VEN,,,17530.6,18889VEN,,0.00,,,,
56621.76,19083DEN,,,56621.76,19083DEN,,0.00,,,,
714,19123UBA,,,714,19123UBA,,0.00,,,,
66325,19143SON,,,66325,19143SON,,0.00,,,,
114552,19291CCD,,,114552,19291CCD,,0.00,,,,
425520,19292CCD,,,425520,19292CCD,,0.00,,,,
7632,19298A&W,,,7632,19298A&W,,0.00,,,,
98017.92,19299CVR,,,98017.92,19299CVR,,0.00,,,,
9920,19307CPK,,,9920,19307CPK,,0.00,,,,
36648,19346SON,,,36648,19346SON,,0.00,,,,
15000,19357VEN,,,15000,19357VEN,,0.00,,,,
60987.5,19501JIB,,,60987.5,19501JIB,,0.00,,,,
335230,19510DAR,,,335230,19510DAR,,0.00,,,,
473060,19510GNS,,,473060,19510GNS,,0.00,,,,
22400,19512GNS,,,22400,19512GNS,,0.00,,,,
41886.72,19636LIT,,,41886.72,19636LIT,,0.00,,,,
21632,19717TGI,,,21632,19717TGI,,0.00,,,,
33575.36,19719UBA,,,33575.36,19719UBA,,0.00,,,,
58264.8,19720UBA,,,58264.8,19720UBA,,0.00,,,,
73007.06,19742DEN,,,73007.06,19742DEN,,0.00,,,,
65592,19752WHA,,,65592,19752WHA,,0.00,,,,
10692,19756WHA,,,10692,19756WHA,,0.00,,,,
165250,19796POP,,,165250,19796POP,,0.00,,,,
18252,19798BNK,,,18252,19798BNK,,0.00,,,,
432,19823VEN,,,432,19823VEN,,0.00,,,,
14875,19846LIT,,,14875,19846LIT,,0.00,,,,
75000,19879CCD,,,75000,19879CCD,,0.00,,,,
53874,19883KFC,,,53874,19883KFC,,0.00,,,,
79793.75,19915JIB,,,79793.75,19915JIB,,0.00,,,,
47052,19923VEN,,,47052,19923VEN,,0.00,,,,
1032.64,19929VEN,,,1032.64,19929VEN,,0.00,,,,
34398,19932CCD,,,34398,19932CCD,,0.00,,,,
19656,19933CCD,,,19656,19933CCD,,0.00,,,,
15456,19934CCD,,,15456,19934CCD,,0.00,,,,
289475.12,19948POP,,,289475.12,19948POP,,0.00,,,,
680932.35,19953TCB,,,680932.35,19953TCB,,0.00,,,,
54684,19961CCD,,,54684,19961CCD,,0.00,,,,
189810,19980JIB,,,189810,19980JIB,,0.00,,,,
183251.2,19982BNK,,,183251.2,19982BNK,,0.00,,,,
-2880,19984BRK,,,-2880,19984BRK,,0.00,,,,
108,20033SBY,,,108,20033SBY,,0.00,,,,
2657947.5,20041SBY,,,2657947.5,20041SBY,,0.00,,,,
1031420,20042SBY,,,1031420,20042SBY,,0.00,,,,
190464,20043CIC,,,190464,20043CIC,,0.00,,,,
121888,20066WEN,,,121888,20066WEN,,0.00,,,,
1520,20081GRY,,,1520,20081GRY,,0.00,,,,
9096,20083BNK,,,9096,20083BNK,,0.00,,,,
77531.78,20084SBY,,,77531.78,20084SBY,,0.00,,,,
2038.06,20101CGS,,,2038.06,20101CGS,,0.00,,,,
7824,20121DEN,,,7824,20121DEN,,0.00,,,,
109246.2,20124SBY,,,109246.2,20124SBY,,0.00,,,,
557640,20132UBA,,,557640,20132UBA,,0.00,,,,
112860,20154SEV,,,112860,20154SEV,,0.00,,,,
702975.78,20195SBY,,,702975.78,20195SBY,,0.00,,,,
153088,20213CCD,,,153088,20213CCD,,0.00,,,,
684,20214OPR,,,684,20214OPR,,0.00,,,,
1808,20315CLG,,,1808,20315CLG,,0.00,,,,
35941.92,20415UBA,,,35941.92,20415UBA,,0.00,,,,
48025,20441JIB,,,48025,20441JIB,,0.00,,,,
12.5,20444,,,1,20444-1,,11.50,,,,
13760,20463SLK,,,13760,20463SLK,,0.00,,,,
4200,20471PAD,,,4200,20471PAD,,0.00,,,,
53545.8,20490UBA,,,53545.8,20490UBA,,0.00,,,,
582213.5,20577SBY,,,582215.78,20577SBY,,-2.28,,,,
12838.5,20620CVR,,,12838.5,20620CVR,,0.00,,,,
54207,20621CVR,,,54207,20621CVR,,0.00,,,,
60879,20622DEN,,,60879,20622DEN,,0.00,,,,
1563.64,20625WCP,,,1563.64,20625WCP,,0.00,,,,
39248.95,20626WCP,,,39248.95,20626WCP,,0.00,,,,
285.64,20628SLK,,,285.64,20628SLK,,0.00,,,,
31104,20638WHA,,,31104,20638WHA,,0.00,,,,
31.96,20640CVR,,,31.96,20640CVR,,0.00,,,,
2100,20708RBT,,,2100,20708RBT,,0.00,,,,
27648,20719CIC,,,27648,20719CIC,,0.00,,,,
5376,20721CIC,,,5376,20721CIC,,0.00,,,,
11104,20722CIC,,,11104,20722CIC,,0.00,,,,
1152,20723CIC,,,1152,20723CIC,,0.00,,,,
24576,20724CIC,,,24576,20724CIC,,0.00,,,,
14208,20725CIC,,,14208,20725CIC,,0.00,,,,
19968,20726CIC,,,19968,20726CIC,,0.00,,,,
208294.9,20754SBY,,,208294.9,20754SBY,,0.00,,,,
8371.2,20776SMH,,,8371.2,20776SMH,,0.00,,,,
23048.2,20779SMH,,,23048.2,20779SMH,,0.00,,,,
8870,20785VCP,,,8870,20785VCP,,0.00,,,,
12960,20806WHA,,,12960,20806WHA,,0.00,,,,
6340.5,20839WHA,,,6340.5,20839WHA,,0.00,,,,
15562.15,20845SBY,,,15562.15,20845SBY,,0.00,,,,
6854.4,20851WHA,,,6854.4,20851WHA,,0.00,,,,
7644,20854WHA,,,7644,20854WHA,,0.00,,,,
5077.94,20886WHA,,,5077.94,20886WHA,,0.00,,,,
57820,20893BNK,,,57820,20893BNK,,0.00,,,,
13968,20906CCD,,,13968,20906CCD,,0.00,,,,
172735.68,20912SBY,,,172735.68,20912SBY,,0.00,,,,
41772,20938BNK,,,41772,20938BNK,,0.00,,,,
241348.8,20970WCP,,,241348.8,20970WCP,,0.00,,,,
3291.03,20999SBY,,,3291.03,20999SBY,,0.00,,,,
0,21000CCD,,,0,21000CCD,,0.00,,,,
146548.16,21005JIB,,,146548.16,21005JIB,,0.00,,,,
6412.5,21007WHA,,,6412.5,21007WHA,,0.00,,,,
385884.1,21009JIB,,,385884.1,21009JIB,,0.00,,,,
46070,21011JIB,,,46070,21011JIB,,0.00,,,,
12110.13,21012JIB,,,12110.13,21012JIB,,0.00,,,,
43689.6,21014JIB,,,43689.6,21014JIB,,0.00,,,,
8000,21058HSD,,,8000,21058HSD,,0.00,,,,
31752,21060BSC,,,31752,21060BSC,,0.00,,,,
32256,21068VEN,,,32256,21068VEN,,0.00,,,,
27206.4,21076BFT,,,27206.4,21076BFT,,0.00,,,,
14025,21077LIT,,,14025,21077LIT,,0.00,,,,
5400,21086VEN,,,5400,21086VEN,,0.00,,,,
376320,21108PHI,,,376320,21108PHI,,0.00,,,,
329278.8,21130PHI,,,329278.8,21130PHI,,0.00,,,,
69408,21142BNK,,,69408,21142BNK,,0.00,,,,
39008,21144BNK,,,39008,21144BNK,,0.00,,,,
55392,21145BNK,,,55392,21145BNK,,0.00,,,,
130577.52,21149WEN,,,130577.52,21149WEN,,0.00,,,,
475894.62,21156SBY,,,475894.62,21156SBY,,0.00,,,,
5273.25,21157SBY,,,5273.25,21157SBY,,0.00,,,,
840421.02,21158SBY,,,840421.02,21158SBY,,0.00,,,,
813479.67,21159SBY,,,813479.67,21159SBY,,0.00,,,,
49670.4,21165PNA,,,49670.4,21165PNA,,0.00,,,,
238867.2,21166PNA,,,238867.2,21166PNA,,0.00,,,,
316170.8,21170PNA,,,316170.8,21170PNA,,0.00,,,,
115080,21171PNA,,,115080,21171PNA,,0.00,,,,
89460,21173PNA,,,89460,21173PNA,,0.00,,,,
83404.8,21174PNA,,,83404.8,21174PNA,,0.00,,,,
39150.15,21175PNA,,,39150.15,21175PNA,,0.00,,,,
3566.68,21185SBY,,,3566.68,21185SBY,,0.00,,,,
13284,21194PJN,,,13284,21194PJN,,0.00,,,,
44000,21200PJN,,,44000,21200PJN,,0.00,,,,
13200,21201PJC,,,13200,21201PJC,,0.00,,,,
1271700,21201PJN,,,1271700,21201PJN,,0.00,,,,
93205,21212CRH,,,93205,21212CRH,,0.00,,,,
401800,21224PHI,,,401800,21224PHI,,0.00,,,,
325500,21225PHI,,,325500,21225PHI,,0.00,,,,
17150,21232PJN,,,17150,21232PJN,,0.00,,,,
21168,21233PJN,,,21168,21233PJN,,0.00,,,,
70848,21245WHA,,,70848,21245WHA,,0.00,,,,
12200,21259PJN,,,12200,21259PJN,,0.00,,,,
11820,21260PJN,,,11820,21260PJN,,0.00,,,,
27648,21270WHA,,,27648,21270WHA,,0.00,,,,
64948.5,21276PNA,,,64948.5,21276PNA,,0.00,,,,
82944,21280PNA,,,82944,21280PNA,,0.00,,,,
5871,21311SBY,,,5871,21311SBY,,0.00,,,,
48207.6,21318TCB,,,48207.6,21318TCB,,0.00,,,,
59904,21319PJN,,,59904,21319PJN,,0.00,,,,
15500,21320PJN,,,15500,21320PJN,,0.00,,,,
146940,21356WST,,,146940,21356WST,,0.00,,,,
213.6,21363SBY,,,213.6,21363SBY,,0.00,,,,
260832,21370JIB,,,260832,21370JIB,,0.00,,,,
55699.8,21376SON,,,55699.8,21376SON,,0.00,,,,
49766.4,21378PPP,,,49766.4,21378PPP,,0.00,,,,
9168,21383BNK,,,9168,21383BNK,,0.00,,,,
396,21395BNK,,,396,21395BNK,,0.00,,,,
1569472,21403WEN,,,1569472,21403WEN,,0.00,,,,
220,21479GND,,,220,21479GND,,0.00,,,,
136150,21485POP,,,136150,21485POP,,0.00,,,,
169808,21490PHI,,,169808,21490PHI,,0.00,,,,
30240,21504PJN,,,30240,21504PJN,,0.00,,,,
25550,21507PJN,,,25550,21507PJN,,0.00,,,,
129600,21508PJN,,,129600,21508PJN,,0.00,,,,
18264,21509PJN,,,18264,21509PJN,,0.00,,,,
74613,21513PJN,,,74613,21513PJN,,0.00,,,,
21057.6,21520JIB,,,21057.6,21520JIB,,0.00,,,,
6789.6,21526LJS,,,6789.6,21526LJS,,0.00,,,,
370.44,21527LJS,,,370.44,21527LJS,,0.00,,,,
17010,21528JIB,,,17010,21528JIB,,0.00,,,,
0,21530LJS,,,0,21530LJS,,0.00,,,,
137770.2,21531LJS,,,137770.2,21531LJS,,0.00,,,,
432,21532JIB,,,432,21532JIB,,0.00,,,,
70680,21534LJS,,,70680,21534LJS,,0.00,,,,
6760,21538LJS,,,6760,21538LJS,,0.00,,,,
0,21545POP,,,0,21545POP,,0.00,,,,
369180,21547GNS,,,369180,21547GNS,,0.00,,,,
20940,21549GNS,,,20940,21549GNS,,0.00,,,,
169.8,21553MRE,,,169.8,21553MRE,,0.00,,,,
31752,21593JIB,,,31752,21593JIB,,0.00,,,,
756630,21600BLU,,,756630,21600BLU,,0.00,,,,
14525,21602GNS,,,14525,21602GNS,,0.00,,,,
48743.24,21636TCB,,,48743.24,21636TCB,,0.00,,,,
47002.41,21637TCB,,,47002.41,21637TCB,,0.00,,,,
106190.63,21638TCB,,,106190.63,21638TCB,,0.00,,,,
27853.28,21643TCB,,,27853.28,21643TCB,,0.00,,,,
2640,21662FOF,,,2640,21662FOF,,0.00,,,,
192,21666CEP,,,192,21666CEP,,0.00,,,,
576,21668FOF,,,576,21668FOF,,0.00,,,,
90,21669FOT,,,90,21669FOT,,0.00,,,,
10320,21670FOT,,,10320,21670FOT,,0.00,,,,
-16,21676GFG,,,-16,21676GFG,,0.00,,,,
17504,21677GFG,,,17504,21677GFG,,0.00,,,,
142944,21678GFG,,,142944,21678GFG,,0.00,,,,
4480,21705LGN,,,4480,21705LGN,,0.00,,,,
1715,21706LGN,,,1715,21706LGN,,0.00,,,,
159194,21755SON,,,159194,21755SON,,0.00,,,,
206411.1,21756SON,,,206411.1,21756SON,,0.00,,,,
0,21773WEN,,,0,21773WEN,,0.00,,,,
7276.5,21774CCD,,,7276.5,21774CCD,,0.00,,,,
32273,21775CCD,,,32273,21775CCD,,0.00,,,,
19040,21778CCD,,,19040,21778CCD,,0.00,,,,
6370,21780CCD,,,6370,21780CCD,,0.00,,,,
1666,21782CCD,,,1666,21782CCD,,0.00,,,,
1568,21783CCD,,,1568,21783CCD,,0.00,,,,
2016,21785CAB,,,2016,21785CAB,,0.00,,,,
-1792,21786CAB,,,-1792,21786CAB,,0.00,,,,
13085.28,21792SON,,,13085.28,21792SON,,0.00,,,,
18007.5,21793TGI,,,18007.5,21793TGI,,0.00,,,,
12768,21796CCD,,,12768,21796CCD,,0.00,,,,
0,21799BRK,,,0,21799BRK,,0.00,,,,
0,21800BRK,,,0,21800BRK,,0.00,,,,
0,21818GFK,,,0,21818GFK,,0.00,,,,
558921.6,21819CCD,,,558921.6,21819CCD,,0.00,,,,
0,21820CCD,,,0,21820CCD,,0.00,,,,
19404.42,21831SON,,,19404.42,21831SON,,0.00,,,,
14515.2,21846CAB,,,14515.2,21846CAB,,0.00,,,,
230496,21851CCD,,,230496,21851CCD,,0.00,,,,
7821,21926SON,,,7821,21926SON,,0.00,,,,
201.5,21928CPK,,,201.5,21928CPK,,0.00,,,,
123136,21929TGI,,,123136,21929TGI,,0.00,,,,
110014.4,21941CFA,,,110014.4,21941CFA,,0.00,,,,
0,21972ARB,,,0,21972ARB,,0.00,,,,
23593.06,21989SON,,,23593.06,21989SON,,0.00,,,,
0,21996WCK,,,0,21996WCK,,0.00,,,,
0,22006ARB,,,0,22006ARB,,0.00,,,,
169160.04,22008SON,,,169160.04,22008SON,,0.00,,,,
40449.41,22009SON,,,40449.41,22009SON,,0.00,,,,
0,22012GFG,,,0,22012GFG,,0.00,,,,
52000,22029PJN,,,52000,22029PJN,,0.00,,,,
377395.2,22037REO,,,377395.2,22037REO,,0.00,,,,
169576,22039YUM,,,169576,22039YUM,,0.00,,,,
14400,22041SHE,,,14400,22041SHE,,0.00,,,,
7650,22042SHE,,,7650,22042SHE,,0.00,,,,
50050,22053POP,,,50050,22053POP,,0.00,,,,
114944,22065POT,,,114944,22065POT,,0.00,,,,
0,22094WCK,,,0,22094WCK,,0.00,,,,
2965.12,22095SON,,,2825,22095SON,,140.12,,,,
2228.4,22102WHA,,,2228.4,22102WHA,,0.00,,,,
119456,22103PJN,,,119456,22103PJN,,0.00,,,,
166720,22104PJN,,,166720,22104PJN,,0.00,,,,
-1792,22132CAB,,,-1792,22132CAB,,0.00,,,,
1974.08,22160GNS,,,1974.08,22160GNS,,0.00,,,,
189630,22166CIC,,,189630,22166CIC,,0.00,,,,
-1638,22175GNS,,,-1638,22175GNS,,0.00,,,,
28656,22181JIB,,,28656,22181JIB,,0.00,,,,
37888,22182TGI,,,37888,22182TGI,,0.00,,,,
8640,22188WHA,,,8640,22188WHA,,0.00,,,,
10368,22190WHA,,,10368,22190WHA,,0.00,,,,
356952,22242DEN,,,356952,22242DEN,,0.00,,,,
182427,22250BEF,,,182427,22250BEF,,0.00,,,,
27480,22281VEN,,,27480,22281VEN,,0.00,,,,
297360,22347WAF,,,297360,22347WAF,,0.00,,,,
2688,22354CAB,,,2688,22354CAB,,0.00,,,,
2094.84,22355SLF,,,2094.84,22355SLF,,0.00,,,,
2797423.2,22370BRK,,,2797423.2,22370BRK,,0.00,,,,
3625.16,22435PNA,,,3625.16,22435PNA,,0.00,,,,
91845.6,22436CCD,,,91845.6,22436CCD,,0.00,,,,
16592,22439PNA,,,16592,22439PNA,,0.00,,,,
17936,22444PNA,,,17936,22444PNA,,0.00,,,,
608,22456PNA,,,608,22456PNA,,0.00,,,,
608,22461PNA,,,608,22461PNA,,0.00,,,,
4251.36,22482SON,,,4251.36,22482SON,,0.00,,,,
121100,22497TAC,,,121100,22497TAC,,0.00,,,,
448,22511PNA,,,448,22511PNA,,0.00,,,,
39150,22512TXR,,,39150,22512TXR,,0.00,,,,
2738.8,22547SON,,,2738.8,22547SON,,0.00,,,,
2313,22574JIB,,,2313,22574JIB,,0.00,,,,
59184,22576WHA,,,59184,22576WHA,,0.00,,,,
342,22589JIB,,,342,22589JIB,,0.00,,,,
558.93,22590SON,,,558.93,22590SON,,0.00,,,,
525,40013MFY,,,525,40013MFY,,0.00,,,,
23450,40025MFY,,,23450,40025MFY,,0.00,,,,
161000,45531BEF,,,161000,45531BEF,,0.00,,,,
2564555,45531CHP,,,2564555,45531CHP,,0.00,,,,
52500,45531CRH,,,52500,45531CRH,,0.00,,,,
914375,45531GFG,,,914375,45531GFG,,0.00,,,,
233100,45531OPR,,,233100,45531OPR,,0.00,,,,
1695750,45531SON,,,1695750,45531SON,,0.00,,,,
1026200,45531TXR,,,1026200,45531TXR,,0.00,,,,
662900,45531UBA,,,662900,45531UBA,,0.00,,,,
662060,45532BNK,,,662060,45532BNK,,0.00,,,,
361655,45532CHP,,,361655,45532CHP,,0.00,,,,
4795,45610CHP,,,4795,45610CHP,,0.00,,,,
126000,45635BEF,,,126000,45635BEF,,0.00,,,,
40180,45635CHP,,,40180,45635CHP,,0.00,,,,
15802.5,45812SAV,,,15802.5,45812SAV,,0.00,,,,
268.75,47277LND,,,268.75,47277LND,,0.00,,,,
11828.6,47434BAK,,,11828.6,47434BAK,,0.00,,,,
27832,47435BAK,,,27832,47435BAK,,0.00,,,,
29820,47455BAK,,,29820,47455BAK,,0.00,,,,
2813,47495BAK,,,2813,47495BAK,,0.00,,,,
2211.84,52007CHP,,,2211.84,52007CHP,,0.00,,,,
61608.96,54107CHP,,,61608.96,54107CHP,,0.00,,,,
20160,54110BNK,,,20160,54110BNK,,0.00,,,,
14420,54110CHP,,,14420,54110CHP,,0.00,,,,
108430,54135CHP,,,108430,54135CHP,,0.00,,,,
163800,54135CIC,,,163800,54135CIC,,0.00,,,,
106680,54135GFG,,,106680,54135GFG,,0.00,,,,
749700,54135LIT,,,749700,54135LIT,,0.00,,,,
1308300,54135PAD,,,1308300,54135PAD,,0.00,,,,
1553230,54135PFC,,,1553230,54135PFC,,0.00,,,,
201600,54135TXR,,,201600,54135TXR,,0.00,,,,
52346.88,56606CHP,,,52346.88,56606CHP,,0.00,,,,
19110,58500CHP,,,19110,58500CHP,,0.00,,,,
5137.92,58501CHP,,,5137.92,58501CHP,,0.00,,,,
366100,58505CCF,,,366100,58505CCF,,0.00,,,,
11585,58505CHP,,,11585,58505CHP,,0.00,,,,
19958.4,71008VEN,,,19958.4,71008VEN,,0.00,,,,
25032,71264VEN,,,25032,71264VEN,,0.00,,,,
1915.2,71307VEN,,,1915.2,71307VEN,,0.00,,,,
22056.48,71531OPR,,,22056.48,71531OPR,,0.00,,,,
832.32,71531VEN,,,832.32,71531VEN,,0.00,,,,
4680,71783GOR,,,4680,71783GOR,,0.00,,,,
17342,72048VEN,,,17342,72048VEN,,0.00,,,,
14976,72133BAK,,,14976,72133BAK,,0.00,,,,
740,77021VEN,,,740,77021VEN,,0.00,,,,
37977.2,77041CHP,,,37977.2,77041CHP,,0.00,,,,
3433.6,77041VEN,,,3433.6,77041VEN,,0.00,,,,
66180,77049CHP,,,66180,77049CHP,,0.00,,,,
430.56,77057VEN,,,430.56,77057VEN,,0.00,,,,
193560,77069CCF,,,193560,77069CCF,,0.00,,,,
84600,77069CHP,,,84600,77069CHP,,0.00,,,,
28429.44,77132OPR,,,28429.44,77132OPR,,0.00,,,,
3455.6,77191CHP,,,3455.6,77191CHP,,0.00,,,,
9483.76,77320VEN,,,9483.76,77320VEN,,0.00,,,,
25255.8,77600TCJ,,,25255.8,77600TCJ,,0.00,,,,
3571.2,77651DEN,,,3571.2,77651DEN,,0.00,,,,
546.24,77665VEN,,,546.24,77665VEN,,0.00,,,,
265.8,78883VEN,,,265.8,78883VEN,,0.00,,,,
1419,79502GNS,,,1419,79502GNS,,0.00,,,,
2583,79514WCP,,,2583,79514WCP,,0.00,,,,
3452.4,85505HVR,,,3452.4,85505HVR,,0.00,,,,
5696,85620HVR,,,5696,85620HVR,,0.00,,,,
330.96,85625HVR,,,330.96,85625HVR,,0.00,,,,
512.2,85629HVR,,,512.2,85629HVR,,0.00,,,,
39.4,85636HVR,,,39.4,85636HVR,,0.00,,,,
119.04,89067SLF,,,119.04,89067SLF,,0.00,,,,
968.07,89086SLF,,,61,89086SLF,,907.07,,,,
,,,,,,Diff in LBS,1070.81,,,,
,,,,49,19380-1,,-49.00,,,,
,,,,1,20444-1,,-1.00,,,,
,,,,1688000,25173-1,,-1688000.00,,,,
,,,,779000,29308-1,,-779000.00,,,,
,,,,826648,32714-1,,-826648.00,,DT,BI,Difference
,,,,,,,-3291556.38,,55881747.23,59174373.42,-3292626.19
